<?xml version="1.0" encoding="utf-8"?>

<instance xmlns="http://www.exelearning.org/content/v0.3" reference="1" version="0.3" xmlns:xsi="http://www.w3.org/2001/XMLSchema-instance" xsi:schemalocation="http://www.exelearning.org/content/v0.3 content.xsd" class="exe.engine.package.Package">
 <dictionary>
  <string role="key" value="_title"></string>
  <unicode value=""></unicode>
  <string role="key" value="idevices"></string>
  <list></list>
  <string role="key" value="_author"></string>
  <unicode value=""></unicode>
  <string role="key" value="_backgroundImg"></string>
  <unicode value=""></unicode>
  <string role="key" value="_contextMode"></string>
  <unicode value="presencial"></unicode>
  <string role="key" value="_contextPlace"></string>
  <unicode value="classroom"></unicode>
  <string role="key" value="_description"></string>
  <unicode value=""></unicode>
  <string role="key" value="_docType"></string>
  <unicode value="XHTML"></unicode>
  <string role="key" value="_intendedEndUserRoleGroup"></string>
  <bool value="0"></bool>
  <string role="key" value="_intendedEndUserRoleTutor"></string>
  <bool value="0"></bool>
  <string role="key" value="_intendedEndUserRoleType"></string>
  <unicode value="learner"></unicode>
  <string role="key" value="_isChanged"></string>
  <bool value="0"></bool>
  <string role="key" value="_lang"></string>
  <unicode value="ca"></unicode>
  <string role="key" value="_learningResourceType"></string>
  <unicode value=""></unicode>
  <string role="key" value="_levelNames"></string>
  <list>
   <unicode value="Tema"></unicode>
   <unicode value="Secció"></unicode>
   <unicode value="Apartat"></unicode>
  </list>
  <string role="key" value="_name"></string>
  <unicode value="verbs"></unicode>
  <string role="key" value="_nextIdeviceId"></string>
  <int value="2"></int>
  <string role="key" value="_nextNodeId"></string>
  <int value="2"></int>
  <string role="key" value="_nodeIdDict"></string>
  <dictionary>
   <unicode role="key" value="0"></unicode>
   <instance class="exe.engine.node.Node" reference="7">
    <dictionary>
     <string role="key" value="_title"></string>
     <unicode value="Inici"></unicode>
     <string role="key" value="idevices"></string>
     <list></list>
     <string role="key" value="_id"></string>
     <unicode value="0"></unicode>
     <string role="key" value="_package"></string>
     <reference key="1"></reference>
     <string role="key" value="exe.engine.node.Node.persistenceVersion"></string>
     <int value="2"></int>
     <string role="key" value="last_full_node_path"></string>
     <string value="exe-node:Inici"></string>
     <string role="key" value="parent"></string>
     <none></none>
     <string role="key" value="children"></string>
     <list>
      <instance class="exe.engine.node.Node" reference="4">
       <dictionary>
        <string role="key" value="_title"></string>
        <unicode value="Llista #1"></unicode>
        <string role="key" value="idevices"></string>
        <list>
         <instance class="exe.engine.clozeidevice.ClozeIdevice" reference="2">
          <dictionary>
           <string role="key" value="_title"></string>
           <unicode value="Cloze Activity"></unicode>
           <string role="key" value="instructionsForLearners"></string>
           <instance class="exe.engine.field.TextAreaField" reference="3">
            <dictionary>
             <string role="key" value="_id"></string>
             <int value="258"></int>
             <string role="key" value="_idevice"></string>
             <reference key="2"></reference>
             <string role="key" value="_instruc"></string>
             <unicode value="Provide instruction on how the cloze activity should be 
completed. Default text will be entered if there are no changes to this field.
"></unicode>
             <string role="key" value="_name"></string>
             <unicode value="Instructions"></unicode>
             <string role="key" value="anchor_names"></string>
             <list></list>
             <string role="key" value="anchors_linked_from_fields"></string>
             <dictionary></dictionary>
             <string role="key" value="class_"></string>
             <string value="block instructions"></string>
             <string role="key" value="content_w_resourcePaths"></string>
             <unicode content="true" value="&lt;p&gt;Llegiu el paràgraf de davall i completeu-lo amb les paraules que hi falten.&lt;/p&gt;"></unicode>
             <string role="key" value="exe.engine.field.Field.persistenceVersion"></string>
             <int value="3"></int>
             <string role="key" value="exe.engine.field.FieldWithResources.persistenceVersion"></string>
             <int value="2"></int>
             <string role="key" value="exe.engine.field.TextAreaField.persistenceVersion"></string>
             <int value="2"></int>
             <string role="key" value="htmlTag"></string>
             <string value="div"></string>
             <string role="key" value="images"></string>
             <instance class="exe.engine.galleryidevice.GalleryImages">
              <dictionary>
               <string role="key" value=".listitems"></string>
               <list></list>
               <string role="key" value="idevice"></string>
               <reference key="3"></reference>
              </dictionary>
             </instance>
             <string role="key" value="intlinks_to_anchors"></string>
             <dictionary></dictionary>
             <string role="key" value="nextImageId"></string>
             <int value="0"></int>
             <string role="key" value="parentNode"></string>
             <reference key="4"></reference>
            </dictionary>
           </instance>
           <string role="key" value="_author"></string>
           <unicode value="University of Auckland"></unicode>
           <string role="key" value="_content"></string>
           <instance class="exe.engine.field.ClozeField" reference="5">
            <dictionary>
             <string role="key" value="_checkCapsInstruc"></string>
             <unicode value="&lt;p&gt;If this option is checked, submitted answers with different capitalization will be marked as incorrect.&lt;/p&gt;"></unicode>
             <string role="key" value="_encodedContent"></string>
             <unicode value="&lt;p&gt;Infinitive&lt;/p&gt;
&lt;table&gt;
&lt;thead&gt;
&lt;tr class=&quot;header&quot;&gt;&lt;th align=&quot;left&quot;&gt;&lt;/th&gt;&lt;th align=&quot;left&quot;&gt;Past simple&lt;/th&gt;&lt;th align=&quot;left&quot;&gt;Past participle&lt;/th&gt;&lt;th align=&quot;left&quot;&gt;Translate&lt;/th&gt;&lt;/tr&gt;
&lt;/thead&gt;
&lt;tbody&gt;
&lt;tr class=&quot;odd&quot;&gt;
&lt;td align=&quot;left&quot;&gt;be&lt;/td&gt;
&lt;td align=&quot;left&quot;&gt;   &lt;u&gt;was, were&lt;/u&gt;   &lt;/td&gt;
&lt;td align=&quot;left&quot;&gt;   &lt;u&gt;been&lt;/u&gt;   &lt;/td&gt;
&lt;td align=&quot;left&quot;&gt;ser, estar&lt;/td&gt;
&lt;/tr&gt;
&lt;tr class=&quot;even&quot;&gt;
&lt;td align=&quot;left&quot;&gt;beat&lt;/td&gt;
&lt;td align=&quot;left&quot;&gt;   &lt;u&gt;beat&lt;/u&gt;   &lt;/td&gt;
&lt;td align=&quot;left&quot;&gt;   &lt;u&gt;beaten&lt;/u&gt;   &lt;/td&gt;
&lt;td align=&quot;left&quot;&gt;derrotar, colpejar&lt;/td&gt;
&lt;/tr&gt;
&lt;tr class=&quot;odd&quot;&gt;
&lt;td align=&quot;left&quot;&gt;become&lt;/td&gt;
&lt;td align=&quot;left&quot;&gt;   &lt;u&gt;became&lt;/u&gt;   &lt;/td&gt;
&lt;td align=&quot;left&quot;&gt;   &lt;u&gt;become&lt;/u&gt;   &lt;/td&gt;
&lt;td align=&quot;left&quot;&gt;convertir-se en&lt;/td&gt;
&lt;/tr&gt;
&lt;tr class=&quot;even&quot;&gt;
&lt;td align=&quot;left&quot;&gt;begin&lt;/td&gt;
&lt;td align=&quot;left&quot;&gt;   &lt;u&gt;began&lt;/u&gt;   &lt;/td&gt;
&lt;td align=&quot;left&quot;&gt;   &lt;u&gt;begun&lt;/u&gt;   &lt;/td&gt;
&lt;td align=&quot;left&quot;&gt;començar&lt;/td&gt;
&lt;/tr&gt;
&lt;tr class=&quot;odd&quot;&gt;
&lt;td align=&quot;left&quot;&gt;bite&lt;/td&gt;
&lt;td align=&quot;left&quot;&gt;   &lt;u&gt;bit&lt;/u&gt;   &lt;/td&gt;
&lt;td align=&quot;left&quot;&gt;   &lt;u&gt;bitten&lt;/u&gt;   &lt;/td&gt;
&lt;td align=&quot;left&quot;&gt;mossegar, picar&lt;/td&gt;
&lt;/tr&gt;
&lt;tr class=&quot;even&quot;&gt;
&lt;td align=&quot;left&quot;&gt;break&lt;/td&gt;
&lt;td align=&quot;left&quot;&gt;   &lt;u&gt;broke&lt;/u&gt;   &lt;/td&gt;
&lt;td align=&quot;left&quot;&gt;   &lt;u&gt;broken&lt;/u&gt;   &lt;/td&gt;
&lt;td align=&quot;left&quot;&gt;trencar-se&lt;/td&gt;
&lt;/tr&gt;
&lt;tr class=&quot;odd&quot;&gt;
&lt;td align=&quot;left&quot;&gt;bring&lt;/td&gt;
&lt;td align=&quot;left&quot;&gt;   &lt;u&gt;brought&lt;/u&gt;   &lt;/td&gt;
&lt;td align=&quot;left&quot;&gt;   &lt;u&gt;brought&lt;/u&gt;   &lt;/td&gt;
&lt;td align=&quot;left&quot;&gt;portar&lt;/td&gt;
&lt;/tr&gt;
&lt;tr class=&quot;even&quot;&gt;
&lt;td align=&quot;left&quot;&gt;build&lt;/td&gt;
&lt;td align=&quot;left&quot;&gt;   &lt;u&gt;built&lt;/u&gt;   &lt;/td&gt;
&lt;td align=&quot;left&quot;&gt;   &lt;u&gt;built&lt;/u&gt;   &lt;/td&gt;
&lt;td align=&quot;left&quot;&gt;construir&lt;/td&gt;
&lt;/tr&gt;
&lt;tr class=&quot;odd&quot;&gt;
&lt;td align=&quot;left&quot;&gt;buy&lt;/td&gt;
&lt;td align=&quot;left&quot;&gt;   &lt;u&gt;bought&lt;/u&gt;   &lt;/td&gt;
&lt;td align=&quot;left&quot;&gt;   &lt;u&gt;bought&lt;/u&gt;   &lt;/td&gt;
&lt;td align=&quot;left&quot;&gt;comprar&lt;/td&gt;
&lt;/tr&gt;
&lt;tr class=&quot;even&quot;&gt;
&lt;td align=&quot;left&quot;&gt;catch&lt;/td&gt;
&lt;td align=&quot;left&quot;&gt;   &lt;u&gt;caught&lt;/u&gt;   &lt;/td&gt;
&lt;td align=&quot;left&quot;&gt;   &lt;u&gt;caught&lt;/u&gt;   &lt;/td&gt;
&lt;td align=&quot;left&quot;&gt;atrapar&lt;/td&gt;
&lt;/tr&gt;
&lt;tr class=&quot;odd&quot;&gt;
&lt;td align=&quot;left&quot;&gt;choose&lt;/td&gt;
&lt;td align=&quot;left&quot;&gt;   &lt;u&gt;chose&lt;/u&gt;   &lt;/td&gt;
&lt;td align=&quot;left&quot;&gt;   &lt;u&gt;chose&lt;/u&gt;   &lt;/td&gt;
&lt;td align=&quot;left&quot;&gt;elegir&lt;/td&gt;
&lt;/tr&gt;
&lt;tr class=&quot;even&quot;&gt;
&lt;td align=&quot;left&quot;&gt;come&lt;/td&gt;
&lt;td align=&quot;left&quot;&gt;   &lt;u&gt;came&lt;/u&gt;   &lt;/td&gt;
&lt;td align=&quot;left&quot;&gt;   &lt;u&gt;come&lt;/u&gt;   &lt;/td&gt;
&lt;td align=&quot;left&quot;&gt;venir&lt;/td&gt;
&lt;/tr&gt;
&lt;tr class=&quot;odd&quot;&gt;
&lt;td align=&quot;left&quot;&gt;cost&lt;/td&gt;
&lt;td align=&quot;left&quot;&gt;   &lt;u&gt;cost&lt;/u&gt;   &lt;/td&gt;
&lt;td align=&quot;left&quot;&gt;   &lt;u&gt;cost&lt;/u&gt;   &lt;/td&gt;
&lt;td align=&quot;left&quot;&gt;costar&lt;/td&gt;
&lt;/tr&gt;
&lt;tr class=&quot;even&quot;&gt;
&lt;td align=&quot;left&quot;&gt;cut&lt;/td&gt;
&lt;td align=&quot;left&quot;&gt;   &lt;u&gt;cut&lt;/u&gt;   &lt;/td&gt;
&lt;td align=&quot;left&quot;&gt;   &lt;u&gt;cut&lt;/u&gt;   &lt;/td&gt;
&lt;td align=&quot;left&quot;&gt;cortar&lt;/td&gt;
&lt;/tr&gt;
&lt;tr class=&quot;odd&quot;&gt;
&lt;td align=&quot;left&quot;&gt;do&lt;/td&gt;
&lt;td align=&quot;left&quot;&gt;   &lt;u&gt;did&lt;/u&gt;   &lt;/td&gt;
&lt;td align=&quot;left&quot;&gt;   &lt;u&gt;done&lt;/u&gt;   &lt;/td&gt;
&lt;td align=&quot;left&quot;&gt;fer&lt;/td&gt;
&lt;/tr&gt;
&lt;tr class=&quot;even&quot;&gt;
&lt;td align=&quot;left&quot;&gt;draw&lt;/td&gt;
&lt;td align=&quot;left&quot;&gt;   &lt;u&gt;drew&lt;/u&gt;   &lt;/td&gt;
&lt;td align=&quot;left&quot;&gt;   &lt;u&gt;drawn&lt;/u&gt;   &lt;/td&gt;
&lt;td align=&quot;left&quot;&gt;dibuixar&lt;/td&gt;
&lt;/tr&gt;
&lt;tr class=&quot;odd&quot;&gt;
&lt;td align=&quot;left&quot;&gt;dream&lt;/td&gt;
&lt;td align=&quot;left&quot;&gt;   &lt;u&gt;dreamt, dreamed&lt;/u&gt;   &lt;/td&gt;
&lt;td align=&quot;left&quot;&gt;   &lt;u&gt;dreamt, dreamed&lt;/u&gt;   &lt;/td&gt;
&lt;td align=&quot;left&quot;&gt;somiar&lt;/td&gt;
&lt;/tr&gt;
&lt;tr class=&quot;even&quot;&gt;
&lt;td align=&quot;left&quot;&gt;drink&lt;/td&gt;
&lt;td align=&quot;left&quot;&gt;   &lt;u&gt;drank&lt;/u&gt;   &lt;/td&gt;
&lt;td align=&quot;left&quot;&gt;   &lt;u&gt;drunk&lt;/u&gt;   &lt;/td&gt;
&lt;td align=&quot;left&quot;&gt;beure&lt;/td&gt;
&lt;/tr&gt;
&lt;/tbody&gt;
&lt;/table&gt;"></unicode>
             <string role="key" value="_id"></string>
             <int value="259"></int>
             <string role="key" value="_idevice"></string>
             <reference key="2"></reference>
             <string role="key" value="_instantMarkingInstruc"></string>
             <unicode value="&lt;p&gt;If this option is set, each word will be marked as the 
learner types it rather than all the words being marked the end of the 
exercise.&lt;/p&gt;"></unicode>
             <string role="key" value="_instruc"></string>
             <unicode value="&lt;p&gt;Enter the text for the cloze activity in to the cloze field 
by either pasting text from another source or by typing text directly into the 
field.&lt;/p&gt;&lt;p&gt; To select words to hide, double click on the word to select it and 
click on the Hide/Show Word button below.&lt;/p&gt;&lt;p&gt;More than one possible answer can be defined enclosing them with pipes (|). I.e.: |dog|cat|bird|&lt;/p&gt;"></unicode>
             <string role="key" value="_name"></string>
             <unicode value="Cloze"></unicode>
             <string role="key" value="_strictMarkingInstruc"></string>
             <unicode value="&lt;p&gt;If left unchecked a small number of spelling and capitalization errors will be accepted. If checked only an exact match in spelling and capitalization will be accepted.&lt;/p&gt;&lt;p&gt;&lt;strong&gt;For example:&lt;/strong&gt; If the correct answer is &lt;code&gt;Elephant&lt;/code&gt; then both &lt;code&gt;elephant&lt;/code&gt; and &lt;code&gt;Eliphant&lt;/code&gt; will be judged &lt;em&gt;&quot;close enough&quot;&lt;/em&gt; by the algorithm as it only has one letter wrong, even if &quot;Check Capitalization&quot; is on.&lt;/p&gt;&lt;p&gt;If capitalization checking is off in the above example, the lowercase &lt;code&gt;e&lt;/code&gt; will not be considered a mistake and &lt;code&gt;eliphant&lt;/code&gt; will also be accepted.&lt;/p&gt;&lt;p&gt;If both &quot;Strict Marking&quot; and &quot;Check Capitalization&quot; are set, the only correct answer is &quot;Elephant&quot;. If only &quot;Strict Marking&quot; is checked and &quot;Check Capitalization&quot; is not, &quot;elephant&quot; will also be accepted.&lt;/p&gt;"></unicode>
             <string role="key" value="anchor_names"></string>
             <list></list>
             <string role="key" value="anchors_linked_from_fields"></string>
             <dictionary></dictionary>
             <string role="key" value="checkCaps"></string>
             <bool value="0"></bool>
             <string role="key" value="content_w_resourcePaths"></string>
             <unicode content="true" value="&lt;p&gt;Infinitive&lt;/p&gt;
&lt;table&gt;
&lt;thead&gt;
&lt;tr class=&quot;header&quot;&gt;&lt;th align=&quot;left&quot;&gt;&lt;/th&gt;&lt;th align=&quot;left&quot;&gt;Past simple&lt;/th&gt;&lt;th align=&quot;left&quot;&gt;Past participle&lt;/th&gt;&lt;th align=&quot;left&quot;&gt;Translate&lt;/th&gt;&lt;/tr&gt;
&lt;/thead&gt;
&lt;tbody&gt;
&lt;tr class=&quot;odd&quot;&gt;
&lt;td align=&quot;left&quot;&gt;be&lt;/td&gt;
&lt;td align=&quot;left&quot;&gt;  &lt;u&gt;was, were&lt;/u&gt;  &lt;/td&gt;
&lt;td align=&quot;left&quot;&gt;  &lt;u&gt;been&lt;/u&gt;  &lt;/td&gt;
&lt;td align=&quot;left&quot;&gt;ser, estar&lt;/td&gt;
&lt;/tr&gt;
&lt;tr class=&quot;even&quot;&gt;
&lt;td align=&quot;left&quot;&gt;beat&lt;/td&gt;
&lt;td align=&quot;left&quot;&gt;  &lt;u&gt;beat&lt;/u&gt;  &lt;/td&gt;
&lt;td align=&quot;left&quot;&gt;  &lt;u&gt;beaten&lt;/u&gt;  &lt;/td&gt;
&lt;td align=&quot;left&quot;&gt;derrotar, colpejar&lt;/td&gt;
&lt;/tr&gt;
&lt;tr class=&quot;odd&quot;&gt;
&lt;td align=&quot;left&quot;&gt;become&lt;/td&gt;
&lt;td align=&quot;left&quot;&gt;  &lt;u&gt;became&lt;/u&gt;  &lt;/td&gt;
&lt;td align=&quot;left&quot;&gt;  &lt;u&gt;become&lt;/u&gt;  &lt;/td&gt;
&lt;td align=&quot;left&quot;&gt;convertir-se en&lt;/td&gt;
&lt;/tr&gt;
&lt;tr class=&quot;even&quot;&gt;
&lt;td align=&quot;left&quot;&gt;begin&lt;/td&gt;
&lt;td align=&quot;left&quot;&gt;  &lt;u&gt;began&lt;/u&gt;  &lt;/td&gt;
&lt;td align=&quot;left&quot;&gt;  &lt;u&gt;begun&lt;/u&gt;  &lt;/td&gt;
&lt;td align=&quot;left&quot;&gt;començar&lt;/td&gt;
&lt;/tr&gt;
&lt;tr class=&quot;odd&quot;&gt;
&lt;td align=&quot;left&quot;&gt;bite&lt;/td&gt;
&lt;td align=&quot;left&quot;&gt;  &lt;u&gt;bit&lt;/u&gt;  &lt;/td&gt;
&lt;td align=&quot;left&quot;&gt;  &lt;u&gt;bitten&lt;/u&gt;  &lt;/td&gt;
&lt;td align=&quot;left&quot;&gt;mossegar, picar&lt;/td&gt;
&lt;/tr&gt;
&lt;tr class=&quot;even&quot;&gt;
&lt;td align=&quot;left&quot;&gt;break&lt;/td&gt;
&lt;td align=&quot;left&quot;&gt;  &lt;u&gt;broke&lt;/u&gt;  &lt;/td&gt;
&lt;td align=&quot;left&quot;&gt;  &lt;u&gt;broken&lt;/u&gt;  &lt;/td&gt;
&lt;td align=&quot;left&quot;&gt;trencar-se&lt;/td&gt;
&lt;/tr&gt;
&lt;tr class=&quot;odd&quot;&gt;
&lt;td align=&quot;left&quot;&gt;bring&lt;/td&gt;
&lt;td align=&quot;left&quot;&gt;  &lt;u&gt;brought&lt;/u&gt;  &lt;/td&gt;
&lt;td align=&quot;left&quot;&gt;  &lt;u&gt;brought&lt;/u&gt;  &lt;/td&gt;
&lt;td align=&quot;left&quot;&gt;portar&lt;/td&gt;
&lt;/tr&gt;
&lt;tr class=&quot;even&quot;&gt;
&lt;td align=&quot;left&quot;&gt;build&lt;/td&gt;
&lt;td align=&quot;left&quot;&gt;  &lt;u&gt;built&lt;/u&gt;  &lt;/td&gt;
&lt;td align=&quot;left&quot;&gt;  &lt;u&gt;built&lt;/u&gt;  &lt;/td&gt;
&lt;td align=&quot;left&quot;&gt;construir&lt;/td&gt;
&lt;/tr&gt;
&lt;tr class=&quot;odd&quot;&gt;
&lt;td align=&quot;left&quot;&gt;buy&lt;/td&gt;
&lt;td align=&quot;left&quot;&gt;  &lt;u&gt;bought&lt;/u&gt;  &lt;/td&gt;
&lt;td align=&quot;left&quot;&gt;  &lt;u&gt;bought&lt;/u&gt;  &lt;/td&gt;
&lt;td align=&quot;left&quot;&gt;comprar&lt;/td&gt;
&lt;/tr&gt;
&lt;tr class=&quot;even&quot;&gt;
&lt;td align=&quot;left&quot;&gt;catch&lt;/td&gt;
&lt;td align=&quot;left&quot;&gt;  &lt;u&gt;caught&lt;/u&gt;  &lt;/td&gt;
&lt;td align=&quot;left&quot;&gt;  &lt;u&gt;caught&lt;/u&gt;  &lt;/td&gt;
&lt;td align=&quot;left&quot;&gt;atrapar&lt;/td&gt;
&lt;/tr&gt;
&lt;tr class=&quot;odd&quot;&gt;
&lt;td align=&quot;left&quot;&gt;choose&lt;/td&gt;
&lt;td align=&quot;left&quot;&gt;  &lt;u&gt;chose&lt;/u&gt;  &lt;/td&gt;
&lt;td align=&quot;left&quot;&gt;  &lt;u&gt;chose&lt;/u&gt;  &lt;/td&gt;
&lt;td align=&quot;left&quot;&gt;elegir&lt;/td&gt;
&lt;/tr&gt;
&lt;tr class=&quot;even&quot;&gt;
&lt;td align=&quot;left&quot;&gt;come&lt;/td&gt;
&lt;td align=&quot;left&quot;&gt;  &lt;u&gt;came&lt;/u&gt;  &lt;/td&gt;
&lt;td align=&quot;left&quot;&gt;  &lt;u&gt;come&lt;/u&gt;  &lt;/td&gt;
&lt;td align=&quot;left&quot;&gt;venir&lt;/td&gt;
&lt;/tr&gt;
&lt;tr class=&quot;odd&quot;&gt;
&lt;td align=&quot;left&quot;&gt;cost&lt;/td&gt;
&lt;td align=&quot;left&quot;&gt;  &lt;u&gt;cost&lt;/u&gt;  &lt;/td&gt;
&lt;td align=&quot;left&quot;&gt;  &lt;u&gt;cost&lt;/u&gt;  &lt;/td&gt;
&lt;td align=&quot;left&quot;&gt;costar&lt;/td&gt;
&lt;/tr&gt;
&lt;tr class=&quot;even&quot;&gt;
&lt;td align=&quot;left&quot;&gt;cut&lt;/td&gt;
&lt;td align=&quot;left&quot;&gt;  &lt;u&gt;cut&lt;/u&gt;  &lt;/td&gt;
&lt;td align=&quot;left&quot;&gt;  &lt;u&gt;cut&lt;/u&gt;  &lt;/td&gt;
&lt;td align=&quot;left&quot;&gt;cortar&lt;/td&gt;
&lt;/tr&gt;
&lt;tr class=&quot;odd&quot;&gt;
&lt;td align=&quot;left&quot;&gt;do&lt;/td&gt;
&lt;td align=&quot;left&quot;&gt;  &lt;u&gt;did&lt;/u&gt;  &lt;/td&gt;
&lt;td align=&quot;left&quot;&gt;  &lt;u&gt;done&lt;/u&gt;  &lt;/td&gt;
&lt;td align=&quot;left&quot;&gt;fer&lt;/td&gt;
&lt;/tr&gt;
&lt;tr class=&quot;even&quot;&gt;
&lt;td align=&quot;left&quot;&gt;draw&lt;/td&gt;
&lt;td align=&quot;left&quot;&gt;  &lt;u&gt;drew&lt;/u&gt;  &lt;/td&gt;
&lt;td align=&quot;left&quot;&gt;  &lt;u&gt;drawn&lt;/u&gt;  &lt;/td&gt;
&lt;td align=&quot;left&quot;&gt;dibuixar&lt;/td&gt;
&lt;/tr&gt;
&lt;tr class=&quot;odd&quot;&gt;
&lt;td align=&quot;left&quot;&gt;dream&lt;/td&gt;
&lt;td align=&quot;left&quot;&gt;  &lt;u&gt;dreamt, dreamed&lt;/u&gt;  &lt;/td&gt;
&lt;td align=&quot;left&quot;&gt;  &lt;u&gt;dreamt, dreamed&lt;/u&gt;  &lt;/td&gt;
&lt;td align=&quot;left&quot;&gt;somiar&lt;/td&gt;
&lt;/tr&gt;
&lt;tr class=&quot;even&quot;&gt;
&lt;td align=&quot;left&quot;&gt;drink&lt;/td&gt;
&lt;td align=&quot;left&quot;&gt;  &lt;u&gt;drank&lt;/u&gt;  &lt;/td&gt;
&lt;td align=&quot;left&quot;&gt;  &lt;u&gt;drunk&lt;/u&gt;  &lt;/td&gt;
&lt;td align=&quot;left&quot;&gt;beure&lt;/td&gt;
&lt;/tr&gt;
&lt;/tbody&gt;
&lt;/table&gt;"></unicode>
             <string role="key" value="exe.engine.field.ClozeField.persistenceVersion"></string>
             <int value="3"></int>
             <string role="key" value="exe.engine.field.Field.persistenceVersion"></string>
             <int value="3"></int>
             <string role="key" value="exe.engine.field.FieldWithResources.persistenceVersion"></string>
             <int value="2"></int>
             <string role="key" value="images"></string>
             <instance class="exe.engine.galleryidevice.GalleryImages">
              <dictionary>
               <string role="key" value=".listitems"></string>
               <list></list>
               <string role="key" value="idevice"></string>
               <reference key="5"></reference>
              </dictionary>
             </instance>
             <string role="key" value="instantMarking"></string>
             <bool value="1"></bool>
             <string role="key" value="intlinks_to_anchors"></string>
             <dictionary></dictionary>
             <string role="key" value="nextImageId"></string>
             <int value="0"></int>
             <string role="key" value="parentNode"></string>
             <reference key="4"></reference>
             <string role="key" value="parts"></string>
             <list>
              <tuple>
               <unicode value="&lt;p&gt;Infinitive&lt;/p&gt;
&lt;table&gt;
&lt;thead&gt;
&lt;tr class=&quot;header&quot;&gt;&lt;th align=&quot;left&quot;&gt;&lt;/th&gt;&lt;th align=&quot;left&quot;&gt;Past simple&lt;/th&gt;&lt;th align=&quot;left&quot;&gt;Past participle&lt;/th&gt;&lt;th align=&quot;left&quot;&gt;Translate&lt;/th&gt;&lt;/tr&gt;
&lt;/thead&gt;
&lt;tbody&gt;
&lt;tr class=&quot;odd&quot;&gt;
&lt;td align=&quot;left&quot;&gt;be&lt;/td&gt;
&lt;td align=&quot;left&quot;&gt;  "></unicode>
               <unicode value="was, were"></unicode>
              </tuple>
              <tuple>
               <unicode value="  &lt;/td&gt;
&lt;td align=&quot;left&quot;&gt;  "></unicode>
               <unicode value="been"></unicode>
              </tuple>
              <tuple>
               <unicode value="  &lt;/td&gt;
&lt;td align=&quot;left&quot;&gt;ser, estar&lt;/td&gt;
&lt;/tr&gt;
&lt;tr class=&quot;even&quot;&gt;
&lt;td align=&quot;left&quot;&gt;beat&lt;/td&gt;
&lt;td align=&quot;left&quot;&gt;  "></unicode>
               <unicode value="beat"></unicode>
              </tuple>
              <tuple>
               <unicode value="  &lt;/td&gt;
&lt;td align=&quot;left&quot;&gt;  "></unicode>
               <unicode value="beaten"></unicode>
              </tuple>
              <tuple>
               <unicode value="  &lt;/td&gt;
&lt;td align=&quot;left&quot;&gt;derrotar, colpejar&lt;/td&gt;
&lt;/tr&gt;
&lt;tr class=&quot;odd&quot;&gt;
&lt;td align=&quot;left&quot;&gt;become&lt;/td&gt;
&lt;td align=&quot;left&quot;&gt;  "></unicode>
               <unicode value="became"></unicode>
              </tuple>
              <tuple>
               <unicode value="  &lt;/td&gt;
&lt;td align=&quot;left&quot;&gt;  "></unicode>
               <unicode value="become"></unicode>
              </tuple>
              <tuple>
               <unicode value="  &lt;/td&gt;
&lt;td align=&quot;left&quot;&gt;convertir-se en&lt;/td&gt;
&lt;/tr&gt;
&lt;tr class=&quot;even&quot;&gt;
&lt;td align=&quot;left&quot;&gt;begin&lt;/td&gt;
&lt;td align=&quot;left&quot;&gt;  "></unicode>
               <unicode value="began"></unicode>
              </tuple>
              <tuple>
               <unicode value="  &lt;/td&gt;
&lt;td align=&quot;left&quot;&gt;  "></unicode>
               <unicode value="begun"></unicode>
              </tuple>
              <tuple>
               <unicode value="  &lt;/td&gt;
&lt;td align=&quot;left&quot;&gt;començar&lt;/td&gt;
&lt;/tr&gt;
&lt;tr class=&quot;odd&quot;&gt;
&lt;td align=&quot;left&quot;&gt;bite&lt;/td&gt;
&lt;td align=&quot;left&quot;&gt;  "></unicode>
               <unicode value="bit"></unicode>
              </tuple>
              <tuple>
               <unicode value="  &lt;/td&gt;
&lt;td align=&quot;left&quot;&gt;  "></unicode>
               <unicode value="bitten"></unicode>
              </tuple>
              <tuple>
               <unicode value="  &lt;/td&gt;
&lt;td align=&quot;left&quot;&gt;mossegar, picar&lt;/td&gt;
&lt;/tr&gt;
&lt;tr class=&quot;even&quot;&gt;
&lt;td align=&quot;left&quot;&gt;break&lt;/td&gt;
&lt;td align=&quot;left&quot;&gt;  "></unicode>
               <unicode value="broke"></unicode>
              </tuple>
              <tuple>
               <unicode value="  &lt;/td&gt;
&lt;td align=&quot;left&quot;&gt;  "></unicode>
               <unicode value="broken"></unicode>
              </tuple>
              <tuple>
               <unicode value="  &lt;/td&gt;
&lt;td align=&quot;left&quot;&gt;trencar-se&lt;/td&gt;
&lt;/tr&gt;
&lt;tr class=&quot;odd&quot;&gt;
&lt;td align=&quot;left&quot;&gt;bring&lt;/td&gt;
&lt;td align=&quot;left&quot;&gt;  "></unicode>
               <unicode value="brought"></unicode>
              </tuple>
              <tuple>
               <unicode value="  &lt;/td&gt;
&lt;td align=&quot;left&quot;&gt;  "></unicode>
               <unicode value="brought"></unicode>
              </tuple>
              <tuple>
               <unicode value="  &lt;/td&gt;
&lt;td align=&quot;left&quot;&gt;portar&lt;/td&gt;
&lt;/tr&gt;
&lt;tr class=&quot;even&quot;&gt;
&lt;td align=&quot;left&quot;&gt;build&lt;/td&gt;
&lt;td align=&quot;left&quot;&gt;  "></unicode>
               <unicode value="built"></unicode>
              </tuple>
              <tuple>
               <unicode value="  &lt;/td&gt;
&lt;td align=&quot;left&quot;&gt;  "></unicode>
               <unicode value="built"></unicode>
              </tuple>
              <tuple>
               <unicode value="  &lt;/td&gt;
&lt;td align=&quot;left&quot;&gt;construir&lt;/td&gt;
&lt;/tr&gt;
&lt;tr class=&quot;odd&quot;&gt;
&lt;td align=&quot;left&quot;&gt;buy&lt;/td&gt;
&lt;td align=&quot;left&quot;&gt;  "></unicode>
               <unicode value="bought"></unicode>
              </tuple>
              <tuple>
               <unicode value="  &lt;/td&gt;
&lt;td align=&quot;left&quot;&gt;  "></unicode>
               <unicode value="bought"></unicode>
              </tuple>
              <tuple>
               <unicode value="  &lt;/td&gt;
&lt;td align=&quot;left&quot;&gt;comprar&lt;/td&gt;
&lt;/tr&gt;
&lt;tr class=&quot;even&quot;&gt;
&lt;td align=&quot;left&quot;&gt;catch&lt;/td&gt;
&lt;td align=&quot;left&quot;&gt;  "></unicode>
               <unicode value="caught"></unicode>
              </tuple>
              <tuple>
               <unicode value="  &lt;/td&gt;
&lt;td align=&quot;left&quot;&gt;  "></unicode>
               <unicode value="caught"></unicode>
              </tuple>
              <tuple>
               <unicode value="  &lt;/td&gt;
&lt;td align=&quot;left&quot;&gt;atrapar&lt;/td&gt;
&lt;/tr&gt;
&lt;tr class=&quot;odd&quot;&gt;
&lt;td align=&quot;left&quot;&gt;choose&lt;/td&gt;
&lt;td align=&quot;left&quot;&gt;  "></unicode>
               <unicode value="chose"></unicode>
              </tuple>
              <tuple>
               <unicode value="  &lt;/td&gt;
&lt;td align=&quot;left&quot;&gt;  "></unicode>
               <unicode value="chose"></unicode>
              </tuple>
              <tuple>
               <unicode value="  &lt;/td&gt;
&lt;td align=&quot;left&quot;&gt;elegir&lt;/td&gt;
&lt;/tr&gt;
&lt;tr class=&quot;even&quot;&gt;
&lt;td align=&quot;left&quot;&gt;come&lt;/td&gt;
&lt;td align=&quot;left&quot;&gt;  "></unicode>
               <unicode value="came"></unicode>
              </tuple>
              <tuple>
               <unicode value="  &lt;/td&gt;
&lt;td align=&quot;left&quot;&gt;  "></unicode>
               <unicode value="come"></unicode>
              </tuple>
              <tuple>
               <unicode value="  &lt;/td&gt;
&lt;td align=&quot;left&quot;&gt;venir&lt;/td&gt;
&lt;/tr&gt;
&lt;tr class=&quot;odd&quot;&gt;
&lt;td align=&quot;left&quot;&gt;cost&lt;/td&gt;
&lt;td align=&quot;left&quot;&gt;  "></unicode>
               <unicode value="cost"></unicode>
              </tuple>
              <tuple>
               <unicode value="  &lt;/td&gt;
&lt;td align=&quot;left&quot;&gt;  "></unicode>
               <unicode value="cost"></unicode>
              </tuple>
              <tuple>
               <unicode value="  &lt;/td&gt;
&lt;td align=&quot;left&quot;&gt;costar&lt;/td&gt;
&lt;/tr&gt;
&lt;tr class=&quot;even&quot;&gt;
&lt;td align=&quot;left&quot;&gt;cut&lt;/td&gt;
&lt;td align=&quot;left&quot;&gt;  "></unicode>
               <unicode value="cut"></unicode>
              </tuple>
              <tuple>
               <unicode value="  &lt;/td&gt;
&lt;td align=&quot;left&quot;&gt;  "></unicode>
               <unicode value="cut"></unicode>
              </tuple>
              <tuple>
               <unicode value="  &lt;/td&gt;
&lt;td align=&quot;left&quot;&gt;cortar&lt;/td&gt;
&lt;/tr&gt;
&lt;tr class=&quot;odd&quot;&gt;
&lt;td align=&quot;left&quot;&gt;do&lt;/td&gt;
&lt;td align=&quot;left&quot;&gt;  "></unicode>
               <unicode value="did"></unicode>
              </tuple>
              <tuple>
               <unicode value="  &lt;/td&gt;
&lt;td align=&quot;left&quot;&gt;  "></unicode>
               <unicode value="done"></unicode>
              </tuple>
              <tuple>
               <unicode value="  &lt;/td&gt;
&lt;td align=&quot;left&quot;&gt;fer&lt;/td&gt;
&lt;/tr&gt;
&lt;tr class=&quot;even&quot;&gt;
&lt;td align=&quot;left&quot;&gt;draw&lt;/td&gt;
&lt;td align=&quot;left&quot;&gt;  "></unicode>
               <unicode value="drew"></unicode>
              </tuple>
              <tuple>
               <unicode value="  &lt;/td&gt;
&lt;td align=&quot;left&quot;&gt;  "></unicode>
               <unicode value="drawn"></unicode>
              </tuple>
              <tuple>
               <unicode value="  &lt;/td&gt;
&lt;td align=&quot;left&quot;&gt;dibuixar&lt;/td&gt;
&lt;/tr&gt;
&lt;tr class=&quot;odd&quot;&gt;
&lt;td align=&quot;left&quot;&gt;dream&lt;/td&gt;
&lt;td align=&quot;left&quot;&gt;  "></unicode>
               <unicode value="dreamt, dreamed"></unicode>
              </tuple>
              <tuple>
               <unicode value="  &lt;/td&gt;
&lt;td align=&quot;left&quot;&gt;  "></unicode>
               <unicode value="dreamt, dreamed"></unicode>
              </tuple>
              <tuple>
               <unicode value="  &lt;/td&gt;
&lt;td align=&quot;left&quot;&gt;somiar&lt;/td&gt;
&lt;/tr&gt;
&lt;tr class=&quot;even&quot;&gt;
&lt;td align=&quot;left&quot;&gt;drink&lt;/td&gt;
&lt;td align=&quot;left&quot;&gt;  "></unicode>
               <unicode value="drank"></unicode>
              </tuple>
              <tuple>
               <unicode value="  &lt;/td&gt;
&lt;td align=&quot;left&quot;&gt;  "></unicode>
               <unicode value="drunk"></unicode>
              </tuple>
              <tuple>
               <unicode value="  &lt;/td&gt;
&lt;td align=&quot;left&quot;&gt;beure&lt;/td&gt;
&lt;/tr&gt;
&lt;/tbody&gt;
&lt;/table&gt;"></unicode>
               <string value=""></string>
              </tuple>
             </list>
             <string role="key" value="rawContent"></string>
             <string value=""></string>
             <string role="key" value="strictMarking"></string>
             <bool value="1"></bool>
            </dictionary>
           </instance>
           <string role="key" value="_purpose"></string>
           <unicode value="&lt;p&gt;Cloze exercises are texts or sentences where students must fill in missing words. They are often used for the following purposes:&lt;/p&gt;&lt;ol&gt;&lt;li&gt;To check knowledge of core course concepts (this could be a pre-check, formative exercise, or summative check).&lt;/li&gt;&lt;li&gt;To check reading comprehension.&lt;/li&gt;&lt;li&gt;To check vocabulary knowledge.&lt;/li&gt;&lt;li&gt;To check word formation and/or grammatical competence. &lt;/li&gt;&lt;/ol&gt;"></unicode>
           <string role="key" value="_tip"></string>
           <unicode value="&lt;dl&gt;  &lt;dt&gt;If your goal is to test understanding of core concepts or reading comprehension  &lt;/dt&gt;  &lt;dd&gt;    &lt;p&gt;  Write a summary of the concept or reading long  enough to adequately test the target's knowledge, but short enough not to induce fatigue. Less than one typed page is probably adequate, but probably considerably less for young students or beginners.    &lt;/p&gt;    &lt;p&gt;Select words in the text thatare key to understanding the concepts. Thesewill probably be verbs, nouns, and key adverbs.Choose alternatives with one clear answer.    &lt;/p&gt;  &lt;/dd&gt;  &lt;dt&gt;If your goal is to test vocabulary knowledge  &lt;/dt&gt;  &lt;dd&gt;&lt;p&gt;Write a text using the target vocabulary. This text should be coherent and cohesive, and be of an appropriate length. Highlight the target words in the text. Choose alternatives with one clear answer.&lt;/p&gt;  &lt;/dd&gt;  &lt;dt&gt;If your goal is to test word formation/grammar:  &lt;/dt&gt;  &lt;dd&gt;  &lt;p&gt;Write a text using the target forms. This text should be coherent and cohesive, and be of an appropriate length. Remember that the goal is not vocabulary knowledge, so the core meanings of the stem words should be well known to the students.  &lt;/p&gt;  &lt;p&gt;Highlight the target words in the text. Provide alternatives with the same word stem, but different affixes. It is a good idea to get a colleague to test the test/exercise to make sure there are no surprises!  &lt;/p&gt;  &lt;/dd&gt;&lt;/dl&gt;"></unicode>
           <string role="key" value="edit"></string>
           <bool value="0"></bool>
           <string role="key" value="emphasis"></string>
           <int value="1"></int>
           <string role="key" value="exe.engine.clozeidevice.ClozeIdevice.persistenceVersion"></string>
           <int value="7"></int>
           <string role="key" value="feedback"></string>
           <instance class="exe.engine.field.TextAreaField" reference="6">
            <dictionary>
             <string role="key" value="_id"></string>
             <int value="260"></int>
             <string role="key" value="_idevice"></string>
             <reference key="2"></reference>
             <string role="key" value="_instruc"></string>
             <unicode value="Enter any feedback you wish to provide the learner with-in the feedback field. This field can be left blank."></unicode>
             <string role="key" value="_name"></string>
             <unicode value="Feedback"></unicode>
             <string role="key" value="anchor_names"></string>
             <list></list>
             <string role="key" value="anchors_linked_from_fields"></string>
             <dictionary></dictionary>
             <string role="key" value="content_w_resourcePaths"></string>
             <unicode content="true" value="&lt;p&gt;Molt bé&lt;/p&gt;"></unicode>
             <string role="key" value="exe.engine.field.Field.persistenceVersion"></string>
             <int value="3"></int>
             <string role="key" value="exe.engine.field.FieldWithResources.persistenceVersion"></string>
             <int value="2"></int>
             <string role="key" value="exe.engine.field.TextAreaField.persistenceVersion"></string>
             <int value="2"></int>
             <string role="key" value="htmlTag"></string>
             <string value="div"></string>
             <string role="key" value="images"></string>
             <instance class="exe.engine.galleryidevice.GalleryImages">
              <dictionary>
               <string role="key" value=".listitems"></string>
               <list></list>
               <string role="key" value="idevice"></string>
               <reference key="6"></reference>
              </dictionary>
             </instance>
             <string role="key" value="intlinks_to_anchors"></string>
             <dictionary></dictionary>
             <string role="key" value="nextImageId"></string>
             <int value="0"></int>
             <string role="key" value="parentNode"></string>
             <reference key="4"></reference>
            </dictionary>
           </instance>
           <string role="key" value="icon"></string>
           <unicode value="question"></unicode>
           <string role="key" value="id"></string>
           <unicode value="1"></unicode>
           <string role="key" value="isCloze"></string>
           <bool value="1"></bool>
           <string role="key" value="lastIdevice"></string>
           <bool value="0"></bool>
           <string role="key" value="originalicon"></string>
           <unicode value="question"></unicode>
           <string role="key" value="parentNode"></string>
           <reference key="4"></reference>
           <string role="key" value="systemResources"></string>
           <list>
            <string value="common.js"></string>
           </list>
           <string role="key" value="undo"></string>
           <bool value="1"></bool>
           <string role="key" value="userResources"></string>
           <list></list>
           <string role="key" value="version"></string>
           <int value="0"></int>
          </dictionary>
         </instance>
        </list>
        <string role="key" value="_id"></string>
        <unicode value="1"></unicode>
        <string role="key" value="_package"></string>
        <reference key="1"></reference>
        <string role="key" value="anchor_fields"></string>
        <list></list>
        <string role="key" value="exe.engine.node.Node.persistenceVersion"></string>
        <int value="2"></int>
        <string role="key" value="last_full_node_path"></string>
        <string value="exe-node:Inici:Llista%20%231"></string>
        <string role="key" value="parent"></string>
        <reference key="7"></reference>
        <string role="key" value="top_anchors_linked_from_fields"></string>
        <list></list>
        <string role="key" value="children"></string>
        <list></list>
       </dictionary>
      </instance>
     </list>
    </dictionary>
   </instance>
   <unicode role="key" value="1"></unicode>
   <reference key="4"></reference>
  </dictionary>
  <string role="key" value="_objectives"></string>
  <unicode value=""></unicode>
  <string role="key" value="_preknowledge"></string>
  <unicode value=""></unicode>
  <string role="key" value="backgroundImgTile"></string>
  <bool value="0"></bool>
  <string role="key" value="compatibleWithVersion9"></string>
  <bool value="0"></bool>
  <string role="key" value="currentNode"></string>
  <reference key="4"></reference>
  <string role="key" value="dublinCore"></string>
  <instance class="exe.engine.package.DublinCore">
   <dictionary>
    <string role="key" value="contributors"></string>
    <unicode value=""></unicode>
    <string role="key" value="coverage"></string>
    <unicode value=""></unicode>
    <string role="key" value="creator"></string>
    <unicode value=""></unicode>
    <string role="key" value="date"></string>
    <unicode value=""></unicode>
    <string role="key" value="description"></string>
    <unicode value=""></unicode>
    <string role="key" value="format"></string>
    <unicode value=""></unicode>
    <string role="key" value="identifier"></string>
    <unicode value="dfa46bdd-7c33-4075-bee6-430f3c4f32e7"></unicode>
    <string role="key" value="language"></string>
    <unicode value="ca"></unicode>
    <string role="key" value="publisher"></string>
    <unicode value=""></unicode>
    <string role="key" value="relation"></string>
    <unicode value=""></unicode>
    <string role="key" value="rights"></string>
    <unicode value=""></unicode>
    <string role="key" value="source"></string>
    <unicode value=""></unicode>
    <string role="key" value="subject"></string>
    <unicode value=""></unicode>
    <string role="key" value="title"></string>
    <unicode value=""></unicode>
    <string role="key" value="type"></string>
    <unicode value=""></unicode>
   </dictionary>
  </instance>
  <string role="key" value="exe.engine.package.Package.persistenceVersion"></string>
  <int value="13"></int>
  <string role="key" value="exportMetadataType"></string>
  <string value="LOMES"></string>
  <string role="key" value="exportSource"></string>
  <bool value="1"></bool>
  <string role="key" value="footer"></string>
  <unicode value=""></unicode>
  <string role="key" value="license"></string>
  <unicode value=""></unicode>
  <string role="key" value="lom"></string>
  <instance class="exe.engine.lom.lomsubs.lomSub">
   <dictionary>
    <string role="key" value="__index__"></string>
    <dictionary></dictionary>
    <string role="key" value="__oldchild__"></string>
    <none></none>
    <string role="key" value="annotation"></string>
    <list></list>
    <string role="key" value="classification"></string>
    <list></list>
    <string role="key" value="educational"></string>
    <list>
     <instance class="exe.engine.lom.lomsubs.educationalSub">
      <dictionary>
       <string role="key" value="cognitiveProcess"></string>
       <list></list>
       <string role="key" value="context"></string>
       <list>
        <instance class="exe.engine.lom.lomsubs.contextSub">
         <dictionary>
          <string role="key" value="extensiontype_"></string>
          <none></none>
          <string role="key" value="source"></string>
          <instance class="exe.engine.lom.lomsubs.sourceValueSub">
           <dictionary>
            <string role="key" value="extensiontype_"></string>
            <none></none>
            <string role="key" value="string"></string>
            <list></list>
            <string role="key" value="uniqueElementName"></string>
            <string value="source"></string>
            <string role="key" value="valueOf_"></string>
            <string value="LOMv1.0"></string>
           </dictionary>
          </instance>
          <string role="key" value="value"></string>
          <instance class="exe.engine.lom.lomsubs.contextValueSub">
           <dictionary>
            <string role="key" value="extensiontype_"></string>
            <none></none>
            <string role="key" value="source"></string>
            <none></none>
            <string role="key" value="uniqueElementName"></string>
            <string value="value"></string>
            <string role="key" value="value"></string>
            <none></none>
            <string role="key" value="valueOf_"></string>
            <string value="other"></string>
           </dictionary>
          </instance>
         </dictionary>
        </instance>
        <instance class="exe.engine.lom.lomsubs.contextSub">
         <dictionary>
          <string role="key" value="extensiontype_"></string>
          <none></none>
          <string role="key" value="source"></string>
          <instance class="exe.engine.lom.lomsubs.sourceValueSub">
           <dictionary>
            <string role="key" value="extensiontype_"></string>
            <none></none>
            <string role="key" value="string"></string>
            <list></list>
            <string role="key" value="uniqueElementName"></string>
            <string value="source"></string>
            <string role="key" value="valueOf_"></string>
            <string value="LOMv1.0"></string>
           </dictionary>
          </instance>
          <string role="key" value="value"></string>
          <instance class="exe.engine.lom.lomsubs.contextValueSub">
           <dictionary>
            <string role="key" value="extensiontype_"></string>
            <none></none>
            <string role="key" value="source"></string>
            <none></none>
            <string role="key" value="uniqueElementName"></string>
            <string value="value"></string>
            <string role="key" value="value"></string>
            <none></none>
            <string role="key" value="valueOf_"></string>
            <string value="school"></string>
           </dictionary>
          </instance>
         </dictionary>
        </instance>
       </list>
       <string role="key" value="description"></string>
       <list></list>
       <string role="key" value="difficulty"></string>
       <none></none>
       <string role="key" value="intendedEndUserRole"></string>
       <list>
        <instance class="exe.engine.lom.lomsubs.intendedEndUserRoleSub">
         <dictionary>
          <string role="key" value="extensiontype_"></string>
          <none></none>
          <string role="key" value="source"></string>
          <instance class="exe.engine.lom.lomsubs.sourceValueSub">
           <dictionary>
            <string role="key" value="extensiontype_"></string>
            <none></none>
            <string role="key" value="string"></string>
            <list></list>
            <string role="key" value="uniqueElementName"></string>
            <string value="source"></string>
            <string role="key" value="valueOf_"></string>
            <string value="LOMv1.0"></string>
           </dictionary>
          </instance>
          <string role="key" value="value"></string>
          <instance class="exe.engine.lom.lomsubs.intendedEndUserRoleValueSub">
           <dictionary>
            <string role="key" value="extensiontype_"></string>
            <none></none>
            <string role="key" value="source"></string>
            <none></none>
            <string role="key" value="uniqueElementName"></string>
            <string value="value"></string>
            <string role="key" value="value"></string>
            <none></none>
            <string role="key" value="valueOf_"></string>
            <string value="learner"></string>
           </dictionary>
          </instance>
         </dictionary>
        </instance>
       </list>
       <string role="key" value="interactivityLevel"></string>
       <none></none>
       <string role="key" value="interactivityType"></string>
       <none></none>
       <string role="key" value="language"></string>
       <list>
        <instance class="exe.engine.lom.lomsubs.LanguageIdSub">
         <dictionary>
          <string role="key" value="extensiontype_"></string>
          <none></none>
          <string role="key" value="valueOf_"></string>
          <string value="ca"></string>
         </dictionary>
        </instance>
       </list>
       <string role="key" value="learningResourceType"></string>
       <list></list>
       <string role="key" value="semanticDensity"></string>
       <none></none>
       <string role="key" value="typicalAgeRange"></string>
       <list></list>
       <string role="key" value="typicalLearningTime"></string>
       <none></none>
      </dictionary>
     </instance>
    </list>
    <string role="key" value="general"></string>
    <instance class="exe.engine.lom.lomsubs.generalSub">
     <dictionary>
      <string role="key" value="aggregationLevel"></string>
      <instance class="exe.engine.lom.lomsubs.aggregationLevelSub">
       <dictionary>
        <string role="key" value="extensiontype_"></string>
        <none></none>
        <string role="key" value="source"></string>
        <instance class="exe.engine.lom.lomsubs.sourceValueSub">
         <dictionary>
          <string role="key" value="extensiontype_"></string>
          <none></none>
          <string role="key" value="string"></string>
          <list></list>
          <string role="key" value="uniqueElementName"></string>
          <string value="source"></string>
          <string role="key" value="valueOf_"></string>
          <string value="LOMv1.0"></string>
         </dictionary>
        </instance>
        <string role="key" value="uniqueElementName"></string>
        <string value="aggregationLevel"></string>
        <string role="key" value="value"></string>
        <instance class="exe.engine.lom.lomsubs.aggregationLevelValueSub">
         <dictionary>
          <string role="key" value="extensiontype_"></string>
          <none></none>
          <string role="key" value="source"></string>
          <none></none>
          <string role="key" value="uniqueElementName"></string>
          <string value="value"></string>
          <string role="key" value="value"></string>
          <none></none>
          <string role="key" value="valueOf_"></string>
          <string value="2"></string>
         </dictionary>
        </instance>
       </dictionary>
      </instance>
      <string role="key" value="coverage"></string>
      <list></list>
      <string role="key" value="description"></string>
      <list></list>
      <string role="key" value="identifier"></string>
      <list>
       <instance class="exe.engine.lom.lomsubs.identifierSub">
        <dictionary>
         <string role="key" value="catalog"></string>
         <instance class="exe.engine.lom.lomsubs.catalogSub">
          <dictionary>
           <string role="key" value="uniqueElementName"></string>
           <string value="catalog"></string>
           <string role="key" value="valueOf_"></string>
           <unicode value="El meu catàleg"></unicode>
          </dictionary>
         </instance>
         <string role="key" value="entry"></string>
         <instance class="exe.engine.lom.lomsubs.entrySub">
          <dictionary>
           <string role="key" value="uniqueElementName"></string>
           <string value="entry"></string>
           <string role="key" value="valueOf_"></string>
           <unicode value="dfa46bdd-7c33-4075-bee6-430f3c4f32e7"></unicode>
          </dictionary>
         </instance>
        </dictionary>
       </instance>
      </list>
      <string role="key" value="keyword"></string>
      <list></list>
      <string role="key" value="language"></string>
      <list>
       <instance class="exe.engine.lom.lomsubs.LanguageIdSub">
        <dictionary>
         <string role="key" value="extensiontype_"></string>
         <none></none>
         <string role="key" value="valueOf_"></string>
         <string value="ca"></string>
        </dictionary>
       </instance>
      </list>
      <string role="key" value="structure"></string>
      <none></none>
      <string role="key" value="title"></string>
      <none></none>
      <string role="key" value="uniqueElementName"></string>
      <string value="general"></string>
     </dictionary>
    </instance>
    <string role="key" value="lifeCycle"></string>
    <none></none>
    <string role="key" value="metaMetadata"></string>
    <instance class="exe.engine.lom.lomsubs.metaMetadataSub">
     <dictionary>
      <string role="key" value="contribute"></string>
      <list></list>
      <string role="key" value="identifier"></string>
      <list></list>
      <string role="key" value="language"></string>
      <instance class="exe.engine.lom.lomsubs.LanguageIdSub">
       <dictionary>
        <string role="key" value="extensiontype_"></string>
        <none></none>
        <string role="key" value="valueOf_"></string>
        <string value="ca"></string>
       </dictionary>
      </instance>
      <string role="key" value="metadataSchema"></string>
      <list>
       <instance class="exe.engine.lom.lomsubs.metadataSchemaSub">
        <dictionary>
         <string role="key" value="valueOf_"></string>
         <string value="LOMv1.0"></string>
        </dictionary>
       </instance>
      </list>
      <string role="key" value="uniqueElementName"></string>
      <string value="metaMetadata"></string>
     </dictionary>
    </instance>
    <string role="key" value="relation"></string>
    <list></list>
    <string role="key" value="rights"></string>
    <instance class="exe.engine.lom.lomsubs.rightsSub">
     <dictionary>
      <string role="key" value="access"></string>
      <none></none>
      <string role="key" value="copyrightAndOtherRestrictions"></string>
      <none></none>
      <string role="key" value="cost"></string>
      <none></none>
      <string role="key" value="description"></string>
      <none></none>
      <string role="key" value="uniqueElementName"></string>
      <none></none>
     </dictionary>
    </instance>
    <string role="key" value="technical"></string>
    <none></none>
   </dictionary>
  </instance>
  <string role="key" value="lomEs"></string>
  <instance class="exe.engine.lom.lomsubs.lomSub">
   <dictionary>
    <string role="key" value="__index__"></string>
    <dictionary></dictionary>
    <string role="key" value="__oldchild__"></string>
    <none></none>
    <string role="key" value="annotation"></string>
    <list></list>
    <string role="key" value="classification"></string>
    <list></list>
    <string role="key" value="educational"></string>
    <list>
     <instance class="exe.engine.lom.lomsubs.educationalSub">
      <dictionary>
       <string role="key" value="cognitiveProcess"></string>
       <list></list>
       <string role="key" value="context"></string>
       <list>
        <instance class="exe.engine.lom.lomsubs.contextSub">
         <dictionary>
          <string role="key" value="extensiontype_"></string>
          <none></none>
          <string role="key" value="source"></string>
          <instance class="exe.engine.lom.lomsubs.sourceValueSub">
           <dictionary>
            <string role="key" value="extensiontype_"></string>
            <none></none>
            <string role="key" value="string"></string>
            <list></list>
            <string role="key" value="uniqueElementName"></string>
            <string value="source"></string>
            <string role="key" value="valueOf_"></string>
            <string value="LOM-ESv1.0"></string>
           </dictionary>
          </instance>
          <string role="key" value="value"></string>
          <instance class="exe.engine.lom.lomsubs.contextValueSub">
           <dictionary>
            <string role="key" value="extensiontype_"></string>
            <none></none>
            <string role="key" value="source"></string>
            <none></none>
            <string role="key" value="uniqueElementName"></string>
            <string value="value"></string>
            <string role="key" value="value"></string>
            <none></none>
            <string role="key" value="valueOf_"></string>
            <string value="presencial"></string>
           </dictionary>
          </instance>
         </dictionary>
        </instance>
        <instance class="exe.engine.lom.lomsubs.contextSub">
         <dictionary>
          <string role="key" value="extensiontype_"></string>
          <none></none>
          <string role="key" value="source"></string>
          <instance class="exe.engine.lom.lomsubs.sourceValueSub">
           <dictionary>
            <string role="key" value="extensiontype_"></string>
            <none></none>
            <string role="key" value="string"></string>
            <list></list>
            <string role="key" value="uniqueElementName"></string>
            <string value="source"></string>
            <string role="key" value="valueOf_"></string>
            <string value="LOM-ESv1.0"></string>
           </dictionary>
          </instance>
          <string role="key" value="value"></string>
          <instance class="exe.engine.lom.lomsubs.contextValueSub">
           <dictionary>
            <string role="key" value="extensiontype_"></string>
            <none></none>
            <string role="key" value="source"></string>
            <none></none>
            <string role="key" value="uniqueElementName"></string>
            <string value="value"></string>
            <string role="key" value="value"></string>
            <none></none>
            <string role="key" value="valueOf_"></string>
            <string value="classroom"></string>
           </dictionary>
          </instance>
         </dictionary>
        </instance>
       </list>
       <string role="key" value="description"></string>
       <list></list>
       <string role="key" value="difficulty"></string>
       <none></none>
       <string role="key" value="intendedEndUserRole"></string>
       <list>
        <instance class="exe.engine.lom.lomsubs.intendedEndUserRoleSub">
         <dictionary>
          <string role="key" value="extensiontype_"></string>
          <none></none>
          <string role="key" value="source"></string>
          <instance class="exe.engine.lom.lomsubs.sourceValueSub">
           <dictionary>
            <string role="key" value="extensiontype_"></string>
            <none></none>
            <string role="key" value="string"></string>
            <list></list>
            <string role="key" value="uniqueElementName"></string>
            <string value="source"></string>
            <string role="key" value="valueOf_"></string>
            <string value="LOM-ESv1.0"></string>
           </dictionary>
          </instance>
          <string role="key" value="value"></string>
          <instance class="exe.engine.lom.lomsubs.intendedEndUserRoleValueSub">
           <dictionary>
            <string role="key" value="extensiontype_"></string>
            <none></none>
            <string role="key" value="source"></string>
            <none></none>
            <string role="key" value="uniqueElementName"></string>
            <string value="value"></string>
            <string role="key" value="value"></string>
            <none></none>
            <string role="key" value="valueOf_"></string>
            <string value="learner"></string>
           </dictionary>
          </instance>
         </dictionary>
        </instance>
       </list>
       <string role="key" value="interactivityLevel"></string>
       <none></none>
       <string role="key" value="interactivityType"></string>
       <none></none>
       <string role="key" value="language"></string>
       <list>
        <instance class="exe.engine.lom.lomsubs.LanguageIdSub">
         <dictionary>
          <string role="key" value="extensiontype_"></string>
          <none></none>
          <string role="key" value="valueOf_"></string>
          <string value="ca"></string>
         </dictionary>
        </instance>
       </list>
       <string role="key" value="learningResourceType"></string>
       <list></list>
       <string role="key" value="semanticDensity"></string>
       <none></none>
       <string role="key" value="typicalAgeRange"></string>
       <list></list>
       <string role="key" value="typicalLearningTime"></string>
       <none></none>
      </dictionary>
     </instance>
    </list>
    <string role="key" value="general"></string>
    <instance class="exe.engine.lom.lomsubs.generalSub">
     <dictionary>
      <string role="key" value="aggregationLevel"></string>
      <instance class="exe.engine.lom.lomsubs.aggregationLevelSub">
       <dictionary>
        <string role="key" value="extensiontype_"></string>
        <none></none>
        <string role="key" value="source"></string>
        <instance class="exe.engine.lom.lomsubs.sourceValueSub">
         <dictionary>
          <string role="key" value="extensiontype_"></string>
          <none></none>
          <string role="key" value="string"></string>
          <list></list>
          <string role="key" value="uniqueElementName"></string>
          <string value="source"></string>
          <string role="key" value="valueOf_"></string>
          <string value="LOM-ESv1.0"></string>
         </dictionary>
        </instance>
        <string role="key" value="uniqueElementName"></string>
        <string value="aggregationLevel"></string>
        <string role="key" value="value"></string>
        <instance class="exe.engine.lom.lomsubs.aggregationLevelValueSub">
         <dictionary>
          <string role="key" value="extensiontype_"></string>
          <none></none>
          <string role="key" value="source"></string>
          <none></none>
          <string role="key" value="uniqueElementName"></string>
          <string value="value"></string>
          <string role="key" value="value"></string>
          <none></none>
          <string role="key" value="valueOf_"></string>
          <string value="2"></string>
         </dictionary>
        </instance>
       </dictionary>
      </instance>
      <string role="key" value="coverage"></string>
      <list></list>
      <string role="key" value="description"></string>
      <list></list>
      <string role="key" value="identifier"></string>
      <list>
       <instance class="exe.engine.lom.lomsubs.identifierSub">
        <dictionary>
         <string role="key" value="catalog"></string>
         <instance class="exe.engine.lom.lomsubs.catalogSub">
          <dictionary>
           <string role="key" value="uniqueElementName"></string>
           <string value="catalog"></string>
           <string role="key" value="valueOf_"></string>
           <unicode value="El meu catàleg"></unicode>
          </dictionary>
         </instance>
         <string role="key" value="entry"></string>
         <instance class="exe.engine.lom.lomsubs.entrySub">
          <dictionary>
           <string role="key" value="uniqueElementName"></string>
           <string value="entry"></string>
           <string role="key" value="valueOf_"></string>
           <unicode value="dfa46bdd-7c33-4075-bee6-430f3c4f32e7"></unicode>
          </dictionary>
         </instance>
        </dictionary>
       </instance>
      </list>
      <string role="key" value="keyword"></string>
      <list></list>
      <string role="key" value="language"></string>
      <list>
       <instance class="exe.engine.lom.lomsubs.LanguageIdSub">
        <dictionary>
         <string role="key" value="extensiontype_"></string>
         <none></none>
         <string role="key" value="valueOf_"></string>
         <string value="ca"></string>
        </dictionary>
       </instance>
      </list>
      <string role="key" value="structure"></string>
      <none></none>
      <string role="key" value="title"></string>
      <none></none>
      <string role="key" value="uniqueElementName"></string>
      <string value="general"></string>
     </dictionary>
    </instance>
    <string role="key" value="lifeCycle"></string>
    <none></none>
    <string role="key" value="metaMetadata"></string>
    <instance class="exe.engine.lom.lomsubs.metaMetadataSub">
     <dictionary>
      <string role="key" value="contribute"></string>
      <list></list>
      <string role="key" value="identifier"></string>
      <list></list>
      <string role="key" value="language"></string>
      <instance class="exe.engine.lom.lomsubs.LanguageIdSub">
       <dictionary>
        <string role="key" value="extensiontype_"></string>
        <none></none>
        <string role="key" value="valueOf_"></string>
        <string value="ca"></string>
       </dictionary>
      </instance>
      <string role="key" value="metadataSchema"></string>
      <list>
       <instance class="exe.engine.lom.lomsubs.metadataSchemaSub">
        <dictionary>
         <string role="key" value="valueOf_"></string>
         <string value="LOM-ESv1.0"></string>
        </dictionary>
       </instance>
      </list>
      <string role="key" value="uniqueElementName"></string>
      <string value="metaMetadata"></string>
     </dictionary>
    </instance>
    <string role="key" value="relation"></string>
    <list></list>
    <string role="key" value="rights"></string>
    <instance class="exe.engine.lom.lomsubs.rightsSub">
     <dictionary>
      <string role="key" value="access"></string>
      <instance class="exe.engine.lom.lomsubs.accessSub">
       <dictionary>
        <string role="key" value="accessType"></string>
        <instance class="exe.engine.lom.lomsubs.accessTypeSub">
         <dictionary>
          <string role="key" value="extensiontype_"></string>
          <none></none>
          <string role="key" value="source"></string>
          <instance class="exe.engine.lom.lomsubs.sourceValueSub">
           <dictionary>
            <string role="key" value="extensiontype_"></string>
            <none></none>
            <string role="key" value="string"></string>
            <list></list>
            <string role="key" value="uniqueElementName"></string>
            <string value="source"></string>
            <string role="key" value="valueOf_"></string>
            <string value="LOM-ESv1.0"></string>
           </dictionary>
          </instance>
          <string role="key" value="uniqueElementName"></string>
          <string value="accessType"></string>
          <string role="key" value="value"></string>
          <instance class="exe.engine.lom.lomsubs.accessTypeValueSub">
           <dictionary>
            <string role="key" value="extensiontype_"></string>
            <none></none>
            <string role="key" value="source"></string>
            <none></none>
            <string role="key" value="uniqueElementName"></string>
            <string value="value"></string>
            <string role="key" value="value"></string>
            <none></none>
            <string role="key" value="valueOf_"></string>
            <string value="universal"></string>
           </dictionary>
          </instance>
         </dictionary>
        </instance>
        <string role="key" value="description"></string>
        <instance class="exe.engine.lom.lomsubs.LanguageStringSub">
         <dictionary>
          <string role="key" value="extensiontype_"></string>
          <none></none>
          <string role="key" value="string"></string>
          <list>
           <instance class="exe.engine.lom.lomsubs.LangStringSub">
            <dictionary>
             <string role="key" value="language"></string>
             <string value="ca"></string>
             <string role="key" value="valueOf_"></string>
             <unicode value="Per defecte"></unicode>
            </dictionary>
           </instance>
          </list>
         </dictionary>
        </instance>
        <string role="key" value="uniqueElementName"></string>
        <string value="access"></string>
       </dictionary>
      </instance>
      <string role="key" value="copyrightAndOtherRestrictions"></string>
      <none></none>
      <string role="key" value="cost"></string>
      <none></none>
      <string role="key" value="description"></string>
      <none></none>
      <string role="key" value="uniqueElementName"></string>
      <string value="rights"></string>
     </dictionary>
    </instance>
    <string role="key" value="technical"></string>
    <none></none>
   </dictionary>
  </instance>
  <string role="key" value="mxmlforcemediaonly"></string>
  <bool value="0"></bool>
  <string role="key" value="mxmlheight"></string>
  <string value=""></string>
  <string role="key" value="mxmlprofilelist"></string>
  <string value=""></string>
  <string role="key" value="mxmlwidth"></string>
  <string value=""></string>
  <string role="key" value="resources"></string>
  <dictionary></dictionary>
  <string role="key" value="root"></string>
  <reference key="7"></reference>
  <string role="key" value="scolinks"></string>
  <bool value="0"></bool>
  <string role="key" value="scowsinglepage"></string>
  <bool value="0"></bool>
  <string role="key" value="scowwebsite"></string>
  <bool value="0"></bool>
  <string role="key" value="style"></string>
  <unicode value="INTEF"></unicode>
  <string role="key" value="sugaractivityname"></string>
  <string value=""></string>
  <string role="key" value="sugarservicename"></string>
  <string value=""></string>
  <string role="key" value="tempFile"></string>
  <bool value="0"></bool>
 </dictionary>
</instance>