<?xml version="1.0" encoding="UTF-8"?>
<lom xmlns="http://ltsc.ieee.org/xsd/LOM" xmlns:xsi="http://www.w3.org/2001/XMLSchema-instance" xsi:schemaLocation="http://ltsc.ieee.org/xsd/LOM lomCustom.xsd"><general uniqueElementName="general"><identifier><catalog uniqueElementName="catalog">El meu catàleg</catalog><entry uniqueElementName="entry">dfa46bdd-7c33-4075-bee6-430f3c4f32e7</entry></identifier><title><string language="ca">verbs</string></title><language>ca</language><aggregationLevel uniqueElementName="aggregationLevel"><source uniqueElementName="source">LOM-ESv1.0</source><value uniqueElementName="value">2</value></aggregationLevel></general><metaMetadata uniqueElementName="metaMetadata"><metadataSchema>LOM-ESv1.0</metadataSchema><language>ca</language></metaMetadata><educational><intendedEndUserRole><source uniqueElementName="source">LOM-ESv1.0</source><value uniqueElementName="value">learner</value></intendedEndUserRole><context><source uniqueElementName="source">LOM-ESv1.0</source><value uniqueElementName="value">presencial</value></context><context><source uniqueElementName="source">LOM-ESv1.0</source><value uniqueElementName="value">classroom</value></context><language>ca</language></educational><rights uniqueElementName="rights"><access uniqueElementName="access"><accessType uniqueElementName="accessType"><source uniqueElementName="source">LOM-ESv1.0</source><value uniqueElementName="value">universal</value></accessType><description><string language="ca">Per defecte</string></description></access></rights></lom>