<?xml version="1.0" encoding="UTF-8"?>
<!-- Generated by eXe - http://exelearning.net -->
<manifest identifier="eXeverbs5450e0a122b57200e87" xmlns="http://www.imsproject.org/xsd/imscp_rootv1p1p2" xmlns:adlcp="http://www.adlnet.org/xsd/adlcp_rootv1p2" xmlns:imsmd="http://www.imsglobal.org/xsd/imsmd_v1p2" xmlns:xsi="http://www.w3.org/2001/XMLSchema-instance" xsi:schemaLocation="http://www.imsproject.org/xsd/imscp_rootv1p1p2 imscp_rootv1p1p2.xsd http://www.imsglobal.org/xsd/imsmd_rootv1p2p1 imsmd_rootv1p2p1.xsd http://www.adlnet.org/xsd/adlcp_rootv1p2 adlcp_rootv1p2.xsd" > 
<metadata> 
 <schema>ADL SCORM</schema> 
 <schemaversion>1.2</schemaversion> 
 <adlcp:location>imslrm.xml</adlcp:location> 
</metadata> 
<organizations default="eXeverbs5450e0a122b57200e88">  
    <organization identifier="eXeverbs5450e0a122b57200e88" structure="hierarchical">
        <title>Inici</title>
<item identifier="ITEM-eXeverbs5450e0a122b57200e89" isvisible="true" identifierref="RES-eXeverbs5450e0a122b57200e8a">
    <title>Inici</title>
<item identifier="ITEM-eXeverbs5450e0a122b57200e8b" isvisible="true" identifierref="RES-eXeverbs5450e0a122b57200e8c">
    <title>Llista #1</title>
</item>
</item>
  </organization>
</organizations>
<resources>
  <resource identifier="RES-eXeverbs5450e0a122b57200e8a" type="webcontent" adlcp:scormtype="sco" href="index.html"> 
    <file href="index.html"/> 
    <dependency identifierref="COMMON_FILES"/>
  </resource>
  <resource identifier="RES-eXeverbs5450e0a122b57200e8c" type="webcontent" adlcp:scormtype="sco" href="llista_1.html"> 
    <file href="llista_1.html"/> 
    <file href="common.js"/>
    <dependency identifierref="COMMON_FILES"/>
  </resource>
  <resource identifier="COMMON_FILES" type="webcontent" adlcp:scormtype="asset">
    <file href="icon_discussion.gif"/>
    <file href="icon_preknowledge.gif"/>
    <file href="my_ims_header.jpg"/>
    <file href="my_hide_show.png"/>
    <file href="icon_calc.gif"/>
    <file href="icon_present.gif"/>
    <file href="icon_define.gif"/>
    <file href="icon_generic.gif"/>
    <file href="icon_summary.gif"/>
    <file href="icon_synthesis.gif"/>
    <file href="icon_review.gif"/>
    <file href="icon_activity.gif"/>
    <file href="my_list.gif"/>
    <file href="icon_gallery.gif"/>
    <file href="my_header.jpg"/>
    <file href="icon_experiment.gif"/>
    <file href="icon_time.gif"/>
    <file href="icon_e_gloss.gif"/>
    <file href="icon_question.gif"/>
    <file href="my_header_fullscreen.jpg"/>
    <file href="icon_reading.gif"/>
    <file href="icon_technology.gif"/>
    <file href="icon_web_resource.gif"/>
    <file href="icon_multimedia.gif"/>
    <file href="icon_diagnosis.gif"/>
    <file href="icon_assess.gif"/>
    <file href="icon_key_points.gif"/>
    <file href="my_js.js"/>
    <file href="my_logo.jpg"/>
    <file href="icon_e_journal.gif"/>
    <file href="icon_inter.gif"/>
    <file href="icon_reflection.gif"/>
    <file href="my_nav_arrow.gif"/>
    <file href="icon_assignment.gif"/>
    <file href="nav.css"/>
    <file href="content.css"/>
    <file href="icon_attention.gif"/>
    <file href="config.xml"/>
    <file href="icon_objectives.gif"/>
    <file href="icon_casestudy.gif"/>
    <file href="base.css"/>
    <file href="popup_bg.gif"/>
    <file href="SCORM_API_wrapper.js"/>
    <file href="SCOFunctions.js"/>
    <file href="exe_jquery.js"/>
  </resource>
</resources>
</manifest>
